quarter_end,cpi_all_groups,cpi_rentals
2018-06-01,1015.0,1025.0
2018-09-01,1024.0,1029.0
2018-12-01,1025.0,1035.0
2019-03-01,1026.0,1041.0
2019-06-01,1032.0,1051.0
2019-09-01,1039.0,1059.0
2019-12-01,1044.0,1067.0
2020-03-01,1052.0,1080.0
2020-06-01,1047.0,1087.0
2020-09-01,1054.0,1092.0
2020-12-01,1059.0,1098.0
2021-03-01,1068.0,1109.0
2021-06-01,1082.0,1119.0
2021-09-01,1106.0,1127.0
2021-12-01,1122.0,1140.0
2022-03-01,1142.0,1153.0
2022-06-01,1161.0,1167.0
2022-09-01,1186.0,1179.0
2022-12-01,1203.0,1190.0
2023-03-01,1218.0,1203.0
2023-06-01,1231.0,1216.0
2023-09-01,1253.0,1231.0
2023-12-01,1259.0,1244.0
2024-03-01,1267.0,1259.0
2024-06-01,1272.0,1274.0
2024-09-01,1280.0,1286.0
2024-12-01,1287.0,1296.0
2025-03-01,1299.0,1305.0
2025-06-01,1306.0,1315.0
2025-09-01,1319.0,1319.0
2025-12-01,1327.0,1321.0
2026-03-01,1339.0,1321.0
2026-06-01,1359.0,1322.0
